{"train/loss": 0.6931, "train/learning_rate": 2.0000000000000003e-06, "train/rewards/chosen": 0.0, "train/rewards/rejected": 0.0, "train/rewards/accuracies": 0.0, "train/rewards/margins": 0.0, "train/logps/rejected": -207.6392822265625, "train/logps/chosen": -219.29620361328125, "train/logits/rejected": -2.341620922088623, "train/logits/chosen": -2.449068784713745, "train/epoch": 1.0, "train/global_step": 2, "_timestamp": 1715867843.5844493, "_runtime": 79.28892731666565, "_step": 2, "train/train_runtime": 80.914, "train/train_samples_per_second": 0.395, "train/train_steps_per_second": 0.025, "train/total_flos": 0.0, "train/train_loss": 0.6931471824645996, "_wandb": {"runtime": 78}}