{"train/loss": 0.5626, "train/learning_rate": 0.0, "train/epoch": 1.0, "train/global_step": 376, "_timestamp": 1715846745.0369935, "_runtime": 13781.76206445694, "_step": 376, "train/train_runtime": 13783.8717, "train/train_samples_per_second": 0.437, "train/train_steps_per_second": 0.027, "train/total_flos": 1.9772090556166963e+17, "train/train_loss": 0.7789787260934393, "_wandb": {"runtime": 13781}}